{
  "blend": {
    "func": "add",
    "srcrgb": "one",
    "dstrgb": "zero"
  },
  "vertex": "sobel",
  "fragment": "blurArea",
  "attributes": [
    "Position"
  ],
  "samplers": [
    {
      "name": "DiffuseSampler"
    }
  ],
  "uniforms": [
    {
      "name": "ProjMat",
      "type": "matrix4x4",
      "count": 16,
      "values": [
        1.0,
        0.0,
        0.0,
        0.0,
        0.0,
        1.0,
        0.0,
        0.0,
        0.0,
        0.0,
        1.0,
        0.0,
        0.0,
        0.0,
        0.0,
        1.0
      ]
    },
    {
      "name": "InSize",
      "type": "float",
      "count": 2,
      "values": [
        1.0,
        1.0
      ]
    },
    {
      "name": "OutSize",
      "type": "float",
      "count": 2,
      "values": [
        1.0,
        1.0
      ]
    },
    {
      "name": "BlurDir",
      "type": "float",
      "count": 2,
      "values": [
        1.0,
        1.0
      ]
    },
    {
      "name": "BlurXY",
      "type": "float",
      "count": 2,
      "values": [
        0.0,
        0.0
      ]
    },
    {
      "name": "BlurCoord",
      "type": "float",
      "count": 2,
      "values": [
        100.0,
        100.0
      ]
    },
    {
      "name": "Radius",
      "type": "float",
      "count": 1,
      "values": [
        5.0
      ]
    }
  ]
}
