{
  "targets": [
    "swap",
    "braindead"
  ],
  "passes": [
    {
      "name": "blurTest",
      "intarget": "minecraft:main",
      "outtarget": "swap",
      "uniforms": [
        {
          "name": "BlurDir",
          "values": [
            1.0,
            0.0
          ]
        },
        {
          "name": "Radius",
          "values": [
            2.0
          ]
        }
      ]
    },
    {
      "name": "blurTest",
      "intarget": "swap",
      "outtarget": "braindead",
      "uniforms": [
        {
          "name": "BlurDir",
          "values": [
            0.0,
            1.0
          ]
        },
        {
          "name": "Radius",
          "values": [
            2.0
          ]
        }
      ]
    }
  ]
}
